{
  "edge_precision": 0.8324719999265708,
  "edge_recall": 0.18545452387129172,
  "edge_f1": 0.28533857174659294,
  "threshold_edge_f1": 0.28533857174659294,
  "top_e_edge_f1": 0.740506699030142,
  "candidate_coverage": 1.0,
  "component_count": 36.27580071174377,
  "average_degree": 0.3719340180547318,
  "max_degree": 2.026690391459075,
  "cycle_count": 0.02491103202846975,
  "bone_length_ratio": 0.8665480427046264,
  "selected_edge_count": 9.770462633451958,
  "gt_edge_count": 44.788256227758005
}