{
  "pass": true,
  "criteria": {
    "parent_acc_gt": 0.95,
    "nonroot_parent_acc_gt": 0.9,
    "edge_f1_gt": 0.9,
    "root_f1_gt": 0.95,
    "root_ratio_close": true
  },
  "final": {
    "step": 1000,
    "loss": 0.029009493067860603,
    "parent_ce": 0.0,
    "parent_margin": 0.0,
    "parent_nonroot": 0.0,
    "parent_offset": 0.0,
    "root_bce": 0.022898059338331223,
    "root_ratio_loss": 1.008790968626272e-05,
    "root_overpredict_loss": 0.0,
    "root_fp_margin_loss": 0.005607038736343384,
    "parent_acc": 0.018469656992084433,
    "nonroot_parent_acc": 0.019021739130434784,
    "root_acc": 0.7272727272727273,
    "root_precision": 1.0,
    "root_recall": 0.8888888888888888,
    "root_f1": 0.9411764705882353,
    "root_false_positives": 0,
    "root_false_negatives": 1,
    "ambiguous_root_nodes": 5,
    "root_logit_mean_gt": 0.7085552215576172,
    "root_logit_mean_nongt": -58.862709045410156,
    "root_logit_margin": 59.57126426696777,
    "pred_root_ratio": 0.021108179419525065,
    "gt_root_ratio": 0.029023746701846966,
    "nonroot_edge_f1": 0.02647058823529412,
    "gt_parent_rank_mean": 0.0,
    "gt_parent_rank_p90": 0.0,
    "failed_nonroot_count": 0,
    "edge_f1": 0.02647058823529412,
    "component_count": 39.25
  },
  "threshold_sweep": {
    "all_results": {
      "0.05": {
        "root_precision": 0.4090909090909091,
        "root_recall": 1.0,
        "root_f1": 0.5806451612903226,
        "root_fp": 13,
        "root_fn": 0,
        "pred_root_ratio": 0.058823529411764705,
        "gt_root_ratio": 0.02406417112299465,
        "ratio_diff": 0.034759358288770054,
        "score": 0.5458858030015525
      },
      "0.1": {
        "root_precision": 0.5625,
        "root_recall": 1.0,
        "root_f1": 0.72,
        "root_fp": 7,
        "root_fn": 0,
        "pred_root_ratio": 0.0427807486631016,
        "gt_root_ratio": 0.02406417112299465,
        "ratio_diff": 0.01871657754010695,
        "score": 0.7012834224598931
      },
      "0.15": {
        "root_precision": 0.9,
        "root_recall": 1.0,
        "root_f1": 0.9473684210526316,
        "root_fp": 1,
        "root_fn": 0,
        "pred_root_ratio": 0.026737967914438502,
        "gt_root_ratio": 0.02406417112299465,
        "ratio_diff": 0.0026737967914438505,
        "score": 0.9446946242611878
      },
      "0.2": {
        "root_precision": 1.0,
        "root_recall": 1.0,
        "root_f1": 1.0,
        "root_fp": 0,
        "root_fn": 0,
        "pred_root_ratio": 0.02406417112299465,
        "gt_root_ratio": 0.02406417112299465,
        "ratio_diff": 0.0,
        "score": 1.0
      },
      "0.25": {
        "root_precision": 1.0,
        "root_recall": 1.0,
        "root_f1": 1.0,
        "root_fp": 0,
        "root_fn": 0,
        "pred_root_ratio": 0.02406417112299465,
        "gt_root_ratio": 0.02406417112299465,
        "ratio_diff": 0.0,
        "score": 1.0
      },
      "0.3": {
        "root_precision": 1.0,
        "root_recall": 1.0,
        "root_f1": 1.0,
        "root_fp": 0,
        "root_fn": 0,
        "pred_root_ratio": 0.02406417112299465,
        "gt_root_ratio": 0.02406417112299465,
        "ratio_diff": 0.0,
        "score": 1.0
      },
      "0.35": {
        "root_precision": 1.0,
        "root_recall": 1.0,
        "root_f1": 1.0,
        "root_fp": 0,
        "root_fn": 0,
        "pred_root_ratio": 0.02406417112299465,
        "gt_root_ratio": 0.02406417112299465,
        "ratio_diff": 0.0,
        "score": 1.0
      },
      "0.4": {
        "root_precision": 1.0,
        "root_recall": 1.0,
        "root_f1": 1.0,
        "root_fp": 0,
        "root_fn": 0,
        "pred_root_ratio": 0.02406417112299465,
        "gt_root_ratio": 0.02406417112299465,
        "ratio_diff": 0.0,
        "score": 1.0
      },
      "0.45": {
        "root_precision": 1.0,
        "root_recall": 0.8888888888888888,
        "root_f1": 0.9411764705882353,
        "root_fp": 0,
        "root_fn": 1,
        "pred_root_ratio": 0.0213903743315508,
        "gt_root_ratio": 0.02406417112299465,
        "ratio_diff": 0.0026737967914438505,
        "score": 0.9385026737967914
      },
      "0.5": {
        "root_precision": 1.0,
        "root_recall": 0.8888888888888888,
        "root_f1": 0.9411764705882353,
        "root_fp": 0,
        "root_fn": 1,
        "pred_root_ratio": 0.0213903743315508,
        "gt_root_ratio": 0.02406417112299465,
        "ratio_diff": 0.0026737967914438505,
        "score": 0.9385026737967914
      },
      "0.55": {
        "root_precision": 1.0,
        "root_recall": 0.8888888888888888,
        "root_f1": 0.9411764705882353,
        "root_fp": 0,
        "root_fn": 1,
        "pred_root_ratio": 0.0213903743315508,
        "gt_root_ratio": 0.02406417112299465,
        "ratio_diff": 0.0026737967914438505,
        "score": 0.9385026737967914
      },
      "0.6": {
        "root_precision": 1.0,
        "root_recall": 0.7777777777777778,
        "root_f1": 0.8750000000000001,
        "root_fp": 0,
        "root_fn": 2,
        "pred_root_ratio": 0.01871657754010695,
        "gt_root_ratio": 0.02406417112299465,
        "ratio_diff": 0.005347593582887701,
        "score": 0.8696524064171124
      },
      "0.65": {
        "root_precision": 1.0,
        "root_recall": 0.6666666666666666,
        "root_f1": 0.8,
        "root_fp": 0,
        "root_fn": 3,
        "pred_root_ratio": 0.016042780748663103,
        "gt_root_ratio": 0.02406417112299465,
        "ratio_diff": 0.008021390374331548,
        "score": 0.7919786096256685
      },
      "0.7": {
        "root_precision": 1.0,
        "root_recall": 0.5555555555555556,
        "root_f1": 0.7142857142857143,
        "root_fp": 0,
        "root_fn": 4,
        "pred_root_ratio": 0.013368983957219251,
        "gt_root_ratio": 0.02406417112299465,
        "ratio_diff": 0.0106951871657754,
        "score": 0.7035905271199389
      },
      "0.75": {
        "root_precision": 1.0,
        "root_recall": 0.4444444444444444,
        "root_f1": 0.6153846153846153,
        "root_fp": 0,
        "root_fn": 5,
        "pred_root_ratio": 0.0106951871657754,
        "gt_root_ratio": 0.02406417112299465,
        "ratio_diff": 0.013368983957219251,
        "score": 0.602015631427396
      },
      "0.8": {
        "root_precision": 1.0,
        "root_recall": 0.3333333333333333,
        "root_f1": 0.5,
        "root_fp": 0,
        "root_fn": 6,
        "pred_root_ratio": 0.008021390374331552,
        "gt_root_ratio": 0.02406417112299465,
        "ratio_diff": 0.0160427807486631,
        "score": 0.4839572192513369
      },
      "0.85": {
        "root_precision": 1.0,
        "root_recall": 0.2222222222222222,
        "root_f1": 0.3636363636363636,
        "root_fp": 0,
        "root_fn": 7,
        "pred_root_ratio": 0.0053475935828877,
        "gt_root_ratio": 0.02406417112299465,
        "ratio_diff": 0.01871657754010695,
        "score": 0.3449197860962566
      },
      "0.9": {
        "root_precision": 1.0,
        "root_recall": 0.1111111111111111,
        "root_f1": 0.19999999999999998,
        "root_fp": 0,
        "root_fn": 8,
        "pred_root_ratio": 0.00267379679144385,
        "gt_root_ratio": 0.02406417112299465,
        "ratio_diff": 0.0213903743315508,
        "score": 0.17860962566844918
      },
      "0.95": {
        "root_precision": 0.0,
        "root_recall": 0.0,
        "root_f1": 0.0,
        "root_fp": 0,
        "root_fn": 9,
        "pred_root_ratio": 0.0,
        "gt_root_ratio": 0.02406417112299465,
        "ratio_diff": 0.02406417112299465,
        "score": -0.02406417112299465
      }
    },
    "best_threshold": 0.2,
    "best_score": 1.0,
    "best_metrics": {
      "root_precision": 1.0,
      "root_recall": 1.0,
      "root_f1": 1.0,
      "root_fp": 0,
      "root_fn": 0,
      "pred_root_ratio": 0.02406417112299465,
      "gt_root_ratio": 0.02406417112299465,
      "ratio_diff": 0.0,
      "score": 1.0
    },