{
  "raw_pc_bbox_diag": {
    "mean": 2.585283724308014,
    "std": 0.2990101737145996,
    "min": 2.0616939067840576,
    "max": 3.4251933097839355,
    "median": 2.572078585624695
  },
  "raw_pc_centroid_norm": {
    "mean": 0.15246653486508877,
    "std": 0.09742921498649842,
    "min": 0.007268467452377081,
    "max": 0.6807736158370972,
    "median": 0.13276659697294235
  },
  "raw_joint_range_min": {
    "mean": -0.9460982816815376,
    "std": 0.10432757072806711,
    "min": -1.7045706510543823,
    "max": -0.31393104791641235,
    "median": -0.9731221497058868
  },
  "raw_joint_range_max": {
    "mean": 0.8631541291475296,
    "std": 0.1630827949054433,
    "min": 0.32190361618995667,
    "max": 3.1793956756591797,
    "median": 0.8780490159988403
  },
  "raw_joint_centroid_norm": {
    "mean": 0.2447576955081895,
    "std": 0.16035757245451143,
    "min": 0.004434223752468824,
    "max": 1.0463802814483643,
    "median": 0.2145635113120079
  },
  "norm_pc_range_min": {
    "mean": -0.8991048309803009,
    "std": 0.101660729305573,
    "min": -0.9999669790267944,
    "max": -0.44373902678489685,
    "median": -0.937914103269577
  },
  "norm_pc_range_max": {
    "mean": 0.820148307800293,
    "std": 0.12801911109244427,
    "min": 0.3860943615436554,
    "max": 0.9999921321868896,
    "median": 0.8471555709838867
  },
  "norm_pc_spread": {
    "mean": 2.188041748046875,
    "std": 0.25043745038737725,
    "min": 1.5104312896728516,
    "max": 2.9427578449249268,
    "median": 2.149693250656128
  },
  "norm_joint_range_min": {
    "mean": -0.8561499774754048,
    "std": 0.1389169233531812,
    "min": -1.7136238813400269,
    "max": -0.2325468212366104,
    "median": -0.8995945453643799
  },
  "norm_joint_range_max": {
    "mean": 0.7059700396060944,
    "std": 0.17948274907396944,
    "min": 0.2678234577178955,
    "max": 2.423212766647339,
    "median": 0.7130106091499329
  },
  "norm_joint_spread": {
    "mean": 1.910231469631195,
    "std": 0.3062140358582136,
    "min": 0.7126687169075012,
    "max": 3.2792558670043945,
    "median": 1.8874663710594177
  },
  "scale_values": {
    "mean": 1.1884980107545853,
    "std": 0.1343701113982132,
    "min": 0.9971714615821838,
    "max": 1.7918156385421753,
    "median": 1.1523277759552002
  },
  "joints_inside_pc_bbox": {
    "mean": 0.9944527566432952,
    "std": 0.046199398461529595,
    "min": 0.3636363744735718,
    "max": 1.0,
    "median": 1.0
  },
  "joints_outside_unit_sphere": {
    "mean": 0.00535515702329576,
    "std": 0.05160552935207488,
    "min": 0.0,
    "max": 0.9090909361839294,
    "median": 0.0
  },
  "n_joints": {
    "mean": 51.452,
    "std": 20.706030425941133,
    "min": 10.0,
    "max": 93.0,
    "median": 54.0
  },
  "joint_centroid_dist_to_origin": {
    "mean": 0.18468161400966346,
    "std": 0.13278201898911204,
    "min": 0.007129142992198467,
    "max": 1.075875997543335,
    "median": 0.1531776264309883
  },
  "pc_centroid_dist_to_origin_normed": {
    "mean": 8.438554614409455e-09,
    "std": 4.314515930350749e-09,
    "min": 5.270928138401132e-10,
    "max": 2.821878730685512e-08,
    "median": 7.815200486760432e-09
  },
  "n_samples": 500,
  "issues": [
    "WARNING: Joint centroids are far from origin (mean=0.1847). Normalization may not center joints properly."
  ]
}