{
  "mpjpe": 0.0,
  "count_ratio": 1.0,
  "parent_acc": 0.5355084130038699,
  "nonroot_parent_acc": 0.5538329293627378,
  "root_acc": 0.9591738389815313,
  "root_precision": 0.23748295270182482,
  "root_recall": 0.9591738389815313,
  "root_f1": 0.327059672161074,
  "pred_root_ratio": 0.1995759264312558,
  "gt_root_ratio": 0.03342298950594236,
  "edge_precision": 0.7053052950506417,
  "edge_recall": 0.5915058161282253,
  "edge_f1": 0.6395596760749455,
  "bone_ratio_all": 1.0,
  "bone_ratio_tp": 0.9965034965034965,
  "component_count": 9.267482517482517,
  "cycle_rate": 0.0,
  "average_degree": 1.6008481471374891,
  "max_degree": 3.5664335664335662,
  "spread": 1.0
}