{
  "mpjpe": 0.0,
  "count_ratio": 1.0,
  "parent_acc": 0.0019446647149689961,
  "nonroot_parent_acc": 0.002042792836281463,
  "root_acc": 0.9889322216245294,
  "root_precision": 0.40472027972027974,
  "root_recall": 0.39859479252191804,
  "root_f1": 0.4004329004329005,
  "pred_root_ratio": 0.029489767995129566,
  "gt_root_ratio": 0.03342298950594236,
  "selected_root_count": 1.0611888111888113,
  "gt_root_count": 1.194055944055944,
  "edge_precision": 0.01755545590772863,
  "edge_recall": 0.00336535092906561,
  "edge_f1": 0.0051936209797215915,
  "bone_ratio_all": 0.9248251748251748,
  "bone_ratio_tp": 0.08741258741258741,
  "component_count": 41.17307692307692,
  "cycle_rate": 0.0,
  "average_degree": 0.27255989020304827,
  "max_degree": 2.4632867132867133,
  "ambiguous_root_nodes": 0.16258741258741258,
  "spread": 1.0
}