{
  "mpjpe": 0.0,
  "count_ratio": 1.0,
  "parent_acc": 0.0020512858287780487,
  "nonroot_parent_acc": 0.0021537496349909677,
  "root_acc": 0.9897660032275416,
  "root_precision": 0.40559440559440557,
  "root_recall": 0.3895575578267887,
  "root_f1": 0.39372294372294364,
  "pred_root_ratio": 0.027362558903192717,
  "gt_root_ratio": 0.03342298950594236,
  "selected_root_count": 1.0,
  "gt_root_count": 1.194055944055944,
  "edge_precision": 0.019092290770612447,
  "edge_recall": 0.0035980674452142946,
  "edge_f1": 0.005588698014528205,
  "bone_ratio_all": 0.9248251748251748,
  "bone_ratio_tp": 0.08741258741258741,
  "component_count": 41.1993006993007,
  "cycle_rate": 0.0,
  "average_degree": 0.27139731626172764,
  "max_degree": 2.444055944055944,
  "ambiguous_root_nodes": 0.16433566433566432,
  "spread": 1.0
}