{
  "pass": false,
  "criteria": {
    "parent_acc_gt": 0.95,
    "nonroot_parent_acc_gt": 0.9,
    "edge_f1_gt": 0.9
  },
  "final": {
    "step": 1000,
    "loss": 0.22864887118339539,
    "parent_ce": 0.20789648592472076,
    "parent_nonroot": 0.015313479118049145,
    "parent_offset": 0.009453180246055126,
    "root_bce": 0.010376092977821827,
    "root_ratio_loss": 1.868311017005908e-07,
    "parent_acc": 0.9050131926121372,
    "nonroot_parent_acc": 0.9320652173913043,
    "root_acc": 0.7272727272727273,
    "root_precision": 1.0,
    "root_recall": 0.7272727272727273,
    "root_f1": 0.8421052631578948,
    "root_logit_mean_gt": 2.9922330379486084,
    "root_logit_mean_nongt": -79.95670318603516,
    "root_logit_margin": 82.94893622398376,
    "edge_f1": 0.9102410986961633,
    "pred_root_ratio": 0.021108179419525065,
    "gt_root_ratio": 0.029023746701846966,
    "component_count": 3.0
  },
  "failure_diagnostics": {
    "avg_gt_parent_rank": 2.25,
    "avg_parent_distance_rank": 4.76,
    "failed_child_count": 28,
    "failed_children": [
      {
        "batch": 0,
        "child": 10,
        "predicted_topk": [
          9,
          37,
          8,
          13,
          11
        ],
        "predicted_topk_scores": [
          18.49352264404297,
          18.453908920288086,
          17.527877807617188,
          13.011561393737793,
          11.997800827026367
        ],
        "gt_parent": 37,
        "gt_parent_rank": 2,
        "parent_distance_rank": 2,
        "gt_parent_active": true,
        "gt_parent_masked_out": false
      },
      {
        "batch": 0,
        "child": 13,
        "predicted_topk": [
          9,
          37,
          8,
          10,
          14
        ],
        "predicted_topk_scores": [
          22.77889633178711,
          22.60964584350586,
          16.51227569580078,
          15.8304443359375,
          12.036253929138184
        ],
        "gt_parent": 37,
        "gt_parent_rank": 2,
        "parent_distance_rank": 1,
        "gt_parent_active": true,
        "gt_parent_masked_out": false
      },
      {
        "batch": 0,
        "child": 26,
        "predicted_topk": [
          0,
          34,
          128,
          1,
          30
        ],
        "predicted_topk_scores": [
          -8.551908493041992,
          -9.039715766906738,
          -12.487184524536133,
          -16.236385345458984,
          -20.878786087036133
        ],
        "gt_parent": 34,
        "gt_parent_rank": 2,
        "parent_distance_rank": 2,
        "gt_parent_active": true,
        "gt_parent_masked_out": false
      },
      {
        "batch": 2,
        "child": 1,
        "predicted_topk": [
          0,
          61,
          53,
          128,
          2
        ],
        "predicted_topk_scores": [
          2.103801727294922,
          1.581361174583435,
          0.17733345925807953,
          -3.4811418056488037,
          -3.9567010402679443
        ],
        "gt_parent": 61,
        "gt_parent_rank": 2,
        "parent_distance_rank": 3,
        "gt_parent_active": true,
        "gt_parent_masked_out": false
      },
      {
        "batch": 2,
        "child": 8,
        "predicted_topk": [
          7,
          63,
          11,
          6,
          9
        ],
        "predicted_topk_scores": [
          25.510154724121094,
          23.626768112182617,
          18.493972778320312,
          17.974624633789062,
          15.964685440063477
        ],
        "gt_parent": 63,
        "gt_parent_rank": 2,
        "parent_distance_rank": 1,
        "gt_parent_active": true,
        "gt_parent_masked_out": false
      },
      {
        "batch": 2,
        "child": 70,
        "predicted_topk": [
          28,
          27,
          29,
          25,
          69
        ],
        "predicted_topk_scores": [
          9.97934627532959,
          9.448953628540039,
          8.4484224319458,
          8.313207626342773,
          5.5994086265563965
        ],
        "gt_parent": 29,
        "gt_parent_rank": 3,
        "parent_distance_rank": 6,
        "gt_parent_active": true,
        "gt_parent_masked_out": false
      },
      {
        "batch": 2,
        "child": 72,
        "predicted_topk": [
          32,
          35,
          34,
          71,
          31
        ],
        "predicted_topk_scores": [
          43.51332473754883,
          43.461090087890625,
          42.813541412353516,
          42.79978561401367,
          41.067020416259766
        ],
        "gt_parent": 35,
        "gt_parent_rank": 2,
        "parent_distance_rank": 2,
        "gt_parent_active": true,
        "gt_parent_masked_out": false
      },
      {
        "batch": 2,
        "child": 74,
        "predicted_topk": [
          40,
          39,
          36,
          41,
          37
        ],
        "predicted_topk_scores": [
          38.75303268432617,
          38.458717346191406,
          38.13465881347656,
          37.17325973510742,
          36.13246154785156
        ],
        "gt_parent": 41,
        "gt_parent_rank": 4,
        "parent_distance_rank": 1,
        "gt_parent_active": true,
        "gt_parent_masked_out": false
      },
      {
        "batch": 3,
        "child": 0,
        "predicted_topk": [
          46,
          128,
          1,
          2,
          3
        ],
        "predicted_topk_scores": [
          0.8254798650741577,
          -0.14226627349853516,
          -0.20031918585300446,
          -6.1934123039245605,
          -9.04517650604248
        ],
        "gt_parent": 128,
        "gt_parent_rank": 2,
        "parent_distance_rank": -1,
        "gt_parent_active": true,
        "gt_parent_masked_out": false
      },
      {
        "batch": 3,
        "child": 5,
        "predicted_topk": [
          3,
          4,
          2,
          128,
          1
        ],
        "predicted_topk_scores": [
          0.745191216468811,
          0.4197863042354584,
          -2.956623077392578,
          -4.115957260131836,
          -7.149322986602783
        ],
        "gt_parent": 4,
        "gt_parent_rank": 2,
        "parent_distance_rank": 1,
        "gt_parent_active": true,
        "gt_parent_masked_out": false
      },
      {
        "batch": 3,
        "child": 6,
        "predicted_topk": [
          4,
          5,
          3,
          2,
          1
        ],
        "predicted_topk_scores": [
          -4.443024635314941,
          -4.443026065826416,
          -7.586279392242432,
          -12.48013973236084,
          -17.389352798461914
        ],
        "gt_parent": 5,
        "gt_parent_rank": 2,
        "parent_distance_rank": 2,
        "gt_parent_active": true,
        "gt_parent_masked_out": false
      },
      {
        "batch": 3,
        "child": 46,
        "predicted_topk": [
          1,
          0,
          2,
          128,
          3
        ],
        "predicted_topk_scores": [
          -1.6442164182662964,
          -1.6442407369613647,
          -4.663209438323975,
          -7.511871337890625,
          -8.542703628540039
        ],
        "gt_parent": 0,
        "gt_parent_rank": 2,
        "parent_distance_rank": 2,
        "gt_parent_active": true,
        "gt_parent_masked_out": false
      },
      {
        "batch": 4,
        "child": 0,
        "predicted_topk": [
          36,
          128,
          9,
          8,
          7
        ],
        "predicted_topk_scores": [
          1.2704368829727173,
          -0.8962512016296387,
          -1.8815819025039673,
          -1.8815876245498657,
          -5.321737766265869
        ],
        "gt_parent": 128,
        "gt_parent_rank": 2,
        "parent_distance_rank": -1,
        "gt_parent_active": true,
        "gt_parent_masked_out": false
      },
      {
        "batch": 4,
        "child": 1,
        "predicted_topk": [
          9,
          0,
          8,
          36,
          2
        ],