{
  "edge_precision": 0.14200445083356478,
  "edge_recall": 0.9792144729496122,
  "edge_f1": 0.24759340938440494,
  "threshold_edge_f1": 0.24759340938440494,
  "top_e_edge_f1": 0.7476469129725876,
  "candidate_coverage": 0.9752300640086194,
  "component_count": 1.0157342657342658,
  "average_degree": 13.517665207802832,
  "max_degree": 21.393356643356643,
  "cycle_count": 267.47202797202794,
  "bone_length_ratio": 1.0,
  "selected_edge_count": 313.0192307692308,
  "gt_edge_count": 45.36888111888112,
  "selected_to_gt_ratio": 7.0082621115217885
}