{
  "edge_precision": 0.9247557573770702,
  "edge_recall": 0.3477716833043515,
  "edge_f1": 0.4740810797618716,
  "threshold_edge_f1": 0.4740810797618716,
  "top_e_edge_f1": 0.7633986306103621,
  "candidate_coverage": 1.0,
  "component_count": 28.572953736654803,
  "average_degree": 0.7044895504637757,
  "max_degree": 2.8345195729537367,
  "cycle_count": 0.0800711743772242,
  "bone_length_ratio": 0.9768683274021353,
  "selected_edge_count": 17.52846975088968,
  "gt_edge_count": 44.788256227758005
}