{
  "n_evaluated": 200,
  "mpjpe_mean": 0.127875417470932,
  "mpjpe_median": 0.10747657716274261,
  "spread_score_mean": 0.9820088148117065,
  "spread_score_median": 0.9855529069900513,
  "edge_f1_mean": 0.39046188029622914,
  "count_ratio_mean": 1.3159025120309185,
  "count_error_mean": 0.38615689866890285,
  "bone_error_mean": 2.1880886554718018
}