{
  "mpjpe": 0.0,
  "count_ratio": 1.0,
  "parent_acc": 0.0024217706219864265,
  "nonroot_parent_acc": 0.0025569424323270986,
  "root_acc": 0.9953783396091089,
  "root_precision": 0.3741258741258741,
  "root_recall": 0.3676798741069996,
  "root_f1": 0.3693972693972694,
  "pred_root_ratio": 0.029489767995129566,
  "gt_root_ratio": 0.03342298950594236,
  "selected_root_count": 1.0611888111888113,
  "gt_root_count": 1.194055944055944,
  "edge_precision": 0.02114968364968365,
  "edge_recall": 0.002645359762123739,
  "edge_f1": 0.0045242085902310195,
  "bone_ratio_all": 0.5891608391608392,
  "bone_ratio_tp": 0.06993006993006994,
  "component_count": 44.76048951048951,
  "cycle_rate": 0.0,
  "average_degree": 0.10017367059288503,
  "max_degree": 1.277972027972028,
  "ambiguous_root_nodes": 0.1486013986013986,
  "spread": 1.0
}