{
  "track": "B_v2_edge_graph_student",
  "verdict": "RESEARCH PASS",
  "best_method": "student_only",
  "best_f1": 0.8569106508410077,
  "summary": {
    "distance_only": {
      "f1": 0.628196154347095,
      "precision": 0.6261917707847381,
      "recall": 0.6308561154650234
    },
    "density": {
      "f1": 0.5769127102527262,
      "precision": 0.5751311074857363,
      "recall": 0.5792510970820601
    },
    "student_only": {
      "f1": 0.8569106508410077,
      "precision": 0.854816154671602,
      "recall": 0.8596186612175943
    },
    "student_dist_hybrid": {
      "f1": 0.841962201291161,
      "precision": 0.8397837361516589,
      "recall": 0.8448078556944073
    }
  }
}