{
  "pass": true,
  "criteria": {
    "parent_acc_gt": 0.95,
    "nonroot_parent_acc_gt": 0.95,
    "edge_f1_gt": 0.95,
    "root_f1_gt": 0.95,
    "root_ratio_close": null
  },
  "final": {
    "step": 1500,
    "loss": 0.09301473945379257,
    "parent_ce": 0.061844732612371445,
    "parent_margin": 0.0,
    "parent_nonroot": 0.0,
    "parent_offset": 0.002587089780718088,
    "root_bce": 0.14931027591228485,
    "root_ratio_loss": 1.4549630577675998e-05,
    "root_overpredict_loss": 0.0,
    "root_fp_margin_loss": 1.43984534588526e-05,
    "parent_acc": 0.9525065963060686,
    "nonroot_parent_acc": 0.9809782608695652,
    "root_acc": 0.8181818181818182,
    "root_precision": 1.0,
    "root_recall": 1.0,
    "root_f1": 1.0,
    "root_false_positives": 0,
    "root_false_negatives": 0,
    "ambiguous_root_nodes": 5,
    "root_logit_mean_gt": 1.1988282203674316,
    "root_logit_mean_nongt": -48.473228454589844,
    "root_logit_margin": 49.672056674957275,
    "pred_root_ratio": 0.023746701846965697,
    "gt_root_ratio": 0.029023746701846966,
    "nonroot_edge_f1": 0.9571008299539536,
    "gt_parent_rank_mean": 1.0190217391304348,
    "gt_parent_rank_p90": 1.0,
    "failed_nonroot_count": 6,
    "edge_f1": 0.9571008299539536,
    "component_count": 3.625
  },
  "threshold_sweep": {
    "all_results": {
      "0.05": {
        "root_precision": 0.4090909090909091,
        "root_recall": 1.0,
        "root_f1": 0.5806451612903226,
        "root_fp": 13,
        "root_fn": 0,
        "pred_root_ratio": 0.058823529411764705,
        "gt_root_ratio": 0.02406417112299465,
        "ratio_diff": 0.034759358288770054,
        "score": 0.5458858030015525
      },
      "0.1": {
        "root_precision": 1.0,
        "root_recall": 1.0,
        "root_f1": 1.0,
        "root_fp": 0,
        "root_fn": 0,
        "pred_root_ratio": 0.02406417112299465,
        "gt_root_ratio": 0.02406417112299465,
        "ratio_diff": 0.0,
        "score": 1.0
      },
      "0.15": {
        "root_precision": 1.0,
        "root_recall": 1.0,
        "root_f1": 1.0,
        "root_fp": 0,
        "root_fn": 0,
        "pred_root_ratio": 0.02406417112299465,
        "gt_root_ratio": 0.02406417112299465,
        "ratio_diff": 0.0,
        "score": 1.0
      },
      "0.2": {
        "root_precision": 1.0,
        "root_recall": 1.0,
        "root_f1": 1.0,
        "root_fp": 0,
        "root_fn": 0,
        "pred_root_ratio": 0.02406417112299465,
        "gt_root_ratio": 0.02406417112299465,
        "ratio_diff": 0.0,
        "score": 1.0
      },
      "0.25": {
        "root_precision": 1.0,
        "root_recall": 1.0,
        "root_f1": 1.0,
        "root_fp": 0,
        "root_fn": 0,
        "pred_root_ratio": 0.02406417112299465,
        "gt_root_ratio": 0.02406417112299465,
        "ratio_diff": 0.0,
        "score": 1.0
      },
      "0.3": {
        "root_precision": 1.0,
        "root_recall": 1.0,
        "root_f1": 1.0,
        "root_fp": 0,
        "root_fn": 0,
        "pred_root_ratio": 0.02406417112299465,
        "gt_root_ratio": 0.02406417112299465,
        "ratio_diff": 0.0,
        "score": 1.0
      },
      "0.35": {
        "root_precision": 1.0,
        "root_recall": 1.0,
        "root_f1": 1.0,
        "root_fp": 0,
        "root_fn": 0,
        "pred_root_ratio": 0.02406417112299465,
        "gt_root_ratio": 0.02406417112299465,
        "ratio_diff": 0.0,
        "score": 1.0
      },
      "0.4": {
        "root_precision": 1.0,
        "root_recall": 1.0,
        "root_f1": 1.0,
        "root_fp": 0,
        "root_fn": 0,
        "pred_root_ratio": 0.02406417112299465,
        "gt_root_ratio": 0.02406417112299465,
        "ratio_diff": 0.0,
        "score": 1.0
      },
      "0.45": {
        "root_precision": 1.0,
        "root_recall": 1.0,
        "root_f1": 1.0,
        "root_fp": 0,
        "root_fn": 0,
        "pred_root_ratio": 0.02406417112299465,
        "gt_root_ratio": 0.02406417112299465,
        "ratio_diff": 0.0,
        "score": 1.0
      },
      "0.5": {
        "root_precision": 1.0,
        "root_recall": 0.8888888888888888,
        "root_f1": 0.9411764705882353,
        "root_fp": 0,
        "root_fn": 1,
        "pred_root_ratio": 0.0213903743315508,
        "gt_root_ratio": 0.02406417112299465,
        "ratio_diff": 0.0026737967914438505,
        "score": 0.9385026737967914
      },
      "0.55": {
        "root_precision": 1.0,
        "root_recall": 0.7777777777777778,
        "root_f1": 0.8750000000000001,
        "root_fp": 0,
        "root_fn": 2,
        "pred_root_ratio": 0.01871657754010695,
        "gt_root_ratio": 0.02406417112299465,
        "ratio_diff": 0.005347593582887701,
        "score": 0.8696524064171124
      },
      "0.6": {
        "root_precision": 1.0,
        "root_recall": 0.7777777777777778,
        "root_f1": 0.8750000000000001,
        "root_fp": 0,
        "root_fn": 2,
        "pred_root_ratio": 0.01871657754010695,
        "gt_root_ratio": 0.02406417112299465,
        "ratio_diff": 0.005347593582887701,
        "score": 0.8696524064171124
      },
      "0.65": {
        "root_precision": 1.0,
        "root_recall": 0.7777777777777778,
        "root_f1": 0.8750000000000001,
        "root_fp": 0,
        "root_fn": 2,
        "pred_root_ratio": 0.01871657754010695,
        "gt_root_ratio": 0.02406417112299465,
        "ratio_diff": 0.005347593582887701,
        "score": 0.8696524064171124
      },
      "0.7": {
        "root_precision": 1.0,
        "root_recall": 0.7777777777777778,
        "root_f1": 0.8750000000000001,
        "root_fp": 0,
        "root_fn": 2,
        "pred_root_ratio": 0.01871657754010695,
        "gt_root_ratio": 0.02406417112299465,
        "ratio_diff": 0.005347593582887701,
        "score": 0.8696524064171124
      },
      "0.75": {
        "root_precision": 1.0,
        "root_recall": 0.5555555555555556,
        "root_f1": 0.7142857142857143,
        "root_fp": 0,
        "root_fn": 4,
        "pred_root_ratio": 0.013368983957219251,
        "gt_root_ratio": 0.02406417112299465,
        "ratio_diff": 0.0106951871657754,
        "score": 0.7035905271199389
      },
      "0.8": {
        "root_precision": 1.0,
        "root_recall": 0.5555555555555556,
        "root_f1": 0.7142857142857143,
        "root_fp": 0,
        "root_fn": 4,
        "pred_root_ratio": 0.013368983957219251,
        "gt_root_ratio": 0.02406417112299465,
        "ratio_diff": 0.0106951871657754,
        "score": 0.7035905271199389
      },
      "0.85": {
        "root_precision": 1.0,
        "root_recall": 0.4444444444444444,
        "root_f1": 0.6153846153846153,
        "root_fp": 0,
        "root_fn": 5,
        "pred_root_ratio": 0.0106951871657754,
        "gt_root_ratio": 0.02406417112299465,
        "ratio_diff": 0.013368983957219251,
        "score": 0.602015631427396
      },
      "0.9": {
        "root_precision": 1.0,
        "root_recall": 0.3333333333333333,
        "root_f1": 0.5,
        "root_fp": 0,
        "root_fn": 6,
        "pred_root_ratio": 0.008021390374331552,
        "gt_root_ratio": 0.02406417112299465,
        "ratio_diff": 0.0160427807486631,
        "score": 0.4839572192513369
      },
      "0.95": {
        "root_precision": 1.0,
        "root_recall": 0.2222222222222222,
        "root_f1": 0.3636363636363636,
        "root_fp": 0,
        "root_fn": 7,
        "pred_root_ratio": 0.0053475935828877,
        "gt_root_ratio": 0.02406417112299465,
        "ratio_diff": 0.01871657754010695,
        "score": 0.3449197860962566
      }
    },
    "best_threshold": 0.1,
    "best_score": 1.0,
    "best_metrics": {
      "root_precision": 1.0,
      "root_recall": 1.0,
      "root_f1": 1.0,
      "root_fp": 0,
      "root_fn": 0,
      "pred_root_ratio": 0.02406417112299465,
      "gt_root_ratio": 0.02406417112299465,
      "ratio_diff": 0.0,
      "score": 1.0
    },
    "ambiguous_root_nodes": 5
  }
}