{
  "mpjpe": 0.0,
  "count_ratio": 1.0,
  "parent_acc": 0.5367253051259668,
  "nonroot_parent_acc": 0.5550865444070396,
  "root_acc": 0.9779675452752377,
  "root_precision": 0.24000223639430737,
  "root_recall": 0.9779675452752377,
  "root_f1": 0.3331213930681705,
  "pred_root_ratio": 0.199534508711934,
  "gt_root_ratio": 0.03342298950594236,
  "edge_precision": 0.7060880233747998,
  "edge_recall": 0.5915810497656053,
  "edge_f1": 0.6399662111768147,
  "bone_ratio_all": 1.0,
  "bone_ratio_tp": 0.9982517482517482,
  "component_count": 9.23951048951049,
  "cycle_rate": 0.0,
  "average_degree": 1.6009309825761335,
  "max_degree": 3.5646853146853146,
  "spread": 1.0
}