{
  "pass": true,
  "criteria": {
    "parent_acc_gt": 0.95,
    "nonroot_parent_acc_gt": 0.9,
    "edge_f1_gt": 0.9,
    "root_f1_gt": 0.95,
    "root_ratio_close": true
  },
  "final": {
    "step": 1500,
    "loss": 0.0001618133537704125,
    "parent_ce": 0.0,
    "parent_margin": 0.0,
    "parent_nonroot": 0.0,
    "parent_offset": 0.0,
    "root_bce": 0.0001618109381524846,
    "root_ratio_loss": 2.4096227235759216e-09,
    "root_overpredict_loss": 4.819245447151843e-09,
    "root_fp_margin_loss": 0.0,
    "parent_acc": 0.005277044854881266,
    "nonroot_parent_acc": 0.005434782608695652,
    "root_acc": 1.0,
    "root_precision": 1.0,
    "root_recall": 1.0,
    "root_f1": 1.0,
    "root_false_positives": 0,
    "root_false_negatives": 0,
    "ambiguous_root_nodes": 5,
    "root_logit_mean_gt": 9.204115867614746,
    "root_logit_mean_nongt": -94.88710021972656,
    "root_logit_margin": 104.09121608734131,
    "pred_root_ratio": 0.029023746701846966,
    "gt_root_ratio": 0.029023746701846966,
    "nonroot_edge_f1": 0.012500000000000002,
    "gt_parent_rank_mean": 0.0,
    "gt_parent_rank_p90": 0.0,
    "failed_nonroot_count": 0,
    "edge_f1": 0.012500000000000002,
    "component_count": 38.625
  },
  "threshold_sweep": {
    "all_results": {
      "0.05": {
        "root_precision": 1.0,
        "root_recall": 1.0,
        "root_f1": 1.0,
        "root_fp": 0,
        "root_fn": 0,
        "pred_root_ratio": 0.02406417112299465,
        "gt_root_ratio": 0.02406417112299465,
        "ratio_diff": 0.0,
        "score": 1.0
      },
      "0.1": {
        "root_precision": 1.0,
        "root_recall": 1.0,
        "root_f1": 1.0,
        "root_fp": 0,
        "root_fn": 0,
        "pred_root_ratio": 0.02406417112299465,
        "gt_root_ratio": 0.02406417112299465,
        "ratio_diff": 0.0,
        "score": 1.0
      },
      "0.15": {
        "root_precision": 1.0,
        "root_recall": 1.0,
        "root_f1": 1.0,
        "root_fp": 0,
        "root_fn": 0,
        "pred_root_ratio": 0.02406417112299465,
        "gt_root_ratio": 0.02406417112299465,
        "ratio_diff": 0.0,
        "score": 1.0
      },
      "0.2": {
        "root_precision": 1.0,
        "root_recall": 1.0,
        "root_f1": 1.0,
        "root_fp": 0,
        "root_fn": 0,
        "pred_root_ratio": 0.02406417112299465,
        "gt_root_ratio": 0.02406417112299465,
        "ratio_diff": 0.0,
        "score": 1.0
      },
      "0.25": {
        "root_precision": 1.0,
        "root_recall": 1.0,
        "root_f1": 1.0,
        "root_fp": 0,
        "root_fn": 0,
        "pred_root_ratio": 0.02406417112299465,
        "gt_root_ratio": 0.02406417112299465,
        "ratio_diff": 0.0,
        "score": 1.0
      },
      "0.3": {
        "root_precision": 1.0,
        "root_recall": 1.0,
        "root_f1": 1.0,
        "root_fp": 0,
        "root_fn": 0,
        "pred_root_ratio": 0.02406417112299465,
        "gt_root_ratio": 0.02406417112299465,
        "ratio_diff": 0.0,
        "score": 1.0
      },
      "0.35": {
        "root_precision": 1.0,
        "root_recall": 1.0,
        "root_f1": 1.0,
        "root_fp": 0,
        "root_fn": 0,
        "pred_root_ratio": 0.02406417112299465,
        "gt_root_ratio": 0.02406417112299465,
        "ratio_diff": 0.0,
        "score": 1.0
      },
      "0.4": {
        "root_precision": 1.0,
        "root_recall": 1.0,
        "root_f1": 1.0,
        "root_fp": 0,
        "root_fn": 0,
        "pred_root_ratio": 0.02406417112299465,
        "gt_root_ratio": 0.02406417112299465,
        "ratio_diff": 0.0,
        "score": 1.0
      },
      "0.45": {
        "root_precision": 1.0,
        "root_recall": 1.0,
        "root_f1": 1.0,
        "root_fp": 0,
        "root_fn": 0,
        "pred_root_ratio": 0.02406417112299465,
        "gt_root_ratio": 0.02406417112299465,
        "ratio_diff": 0.0,
        "score": 1.0
      },
      "0.5": {
        "root_precision": 1.0,
        "root_recall": 1.0,
        "root_f1": 1.0,
        "root_fp": 0,
        "root_fn": 0,
        "pred_root_ratio": 0.02406417112299465,
        "gt_root_ratio": 0.02406417112299465,
        "ratio_diff": 0.0,
        "score": 1.0
      },
      "0.55": {
        "root_precision": 1.0,
        "root_recall": 1.0,
        "root_f1": 1.0,
        "root_fp": 0,
        "root_fn": 0,
        "pred_root_ratio": 0.02406417112299465,
        "gt_root_ratio": 0.02406417112299465,
        "ratio_diff": 0.0,
        "score": 1.0
      },
      "0.6": {
        "root_precision": 1.0,
        "root_recall": 1.0,
        "root_f1": 1.0,
        "root_fp": 0,
        "root_fn": 0,
        "pred_root_ratio": 0.02406417112299465,
        "gt_root_ratio": 0.02406417112299465,
        "ratio_diff": 0.0,
        "score": 1.0
      },
      "0.65": {
        "root_precision": 1.0,
        "root_recall": 1.0,
        "root_f1": 1.0,
        "root_fp": 0,
        "root_fn": 0,
        "pred_root_ratio": 0.02406417112299465,
        "gt_root_ratio": 0.02406417112299465,
        "ratio_diff": 0.0,
        "score": 1.0
      },
      "0.7": {
        "root_precision": 1.0,
        "root_recall": 1.0,
        "root_f1": 1.0,
        "root_fp": 0,
        "root_fn": 0,
        "pred_root_ratio": 0.02406417112299465,
        "gt_root_ratio": 0.02406417112299465,
        "ratio_diff": 0.0,
        "score": 1.0
      },
      "0.75": {
        "root_precision": 1.0,
        "root_recall": 1.0,
        "root_f1": 1.0,
        "root_fp": 0,
        "root_fn": 0,
        "pred_root_ratio": 0.02406417112299465,
        "gt_root_ratio": 0.02406417112299465,
        "ratio_diff": 0.0,
        "score": 1.0
      },
      "0.8": {
        "root_precision": 1.0,
        "root_recall": 1.0,
        "root_f1": 1.0,
        "root_fp": 0,
        "root_fn": 0,
        "pred_root_ratio": 0.02406417112299465,
        "gt_root_ratio": 0.02406417112299465,
        "ratio_diff": 0.0,
        "score": 1.0
      },
      "0.85": {
        "root_precision": 1.0,
        "root_recall": 1.0,
        "root_f1": 1.0,
        "root_fp": 0,
        "root_fn": 0,
        "pred_root_ratio": 0.02406417112299465,
        "gt_root_ratio": 0.02406417112299465,
        "ratio_diff": 0.0,
        "score": 1.0
      },
      "0.9": {
        "root_precision": 1.0,
        "root_recall": 1.0,
        "root_f1": 1.0,
        "root_fp": 0,
        "root_fn": 0,
        "pred_root_ratio": 0.02406417112299465,
        "gt_root_ratio": 0.02406417112299465,
        "ratio_diff": 0.0,
        "score": 1.0
      },
      "0.95": {
        "root_precision": 1.0,
        "root_recall": 1.0,
        "root_f1": 1.0,
        "root_fp": 0,
        "root_fn": 0,
        "pred_root_ratio": 0.02406417112299465,
        "gt_root_ratio": 0.02406417112299465,
        "ratio_diff": 0.0,
        "score": 1.0
      }
    },
    "best_threshold": 0.05,
    "best_score": 1.0,
    "best_metrics": {
      "root_precision": 1.0,
      "root_recall": 1.0,
      "root_f1": 1.0,
      "root_fp": 0,
      "root_fn": 0,
      "pred_root_ratio": 0.02406417112299465,
      "gt_root_ratio": 0.02406417112299465,
      "ratio_diff": 0.0,
      "score": 1.0
    },
    "ambiguous_root_nodes": 5
  }
}