{
  "mpjpe": 0.0,
  "count_ratio": 1.0,
  "parent_acc": 0.5372425258028617,
  "nonroot_parent_acc": 0.5555554634942234,
  "root_acc": 0.9781423704500626,
  "root_precision": 0.2456362995094998,
  "root_recall": 0.9781423704500626,
  "root_f1": 0.33740208875730227,
  "pred_root_ratio": 0.1984409937442269,
  "gt_root_ratio": 0.03342298950594236,
  "edge_precision": 0.7063929516744784,
  "edge_recall": 0.5924589880874293,
  "edge_f1": 0.6405622081688246,
  "bone_ratio_all": 1.0,
  "bone_ratio_tp": 1.0,
  "component_count": 9.195804195804195,
  "cycle_rate": 0.0,
  "average_degree": 1.603118012511547,
  "max_degree": 3.5734265734265733,
  "spread": 1.0
}