{
  "mpjpe": 0.0,
  "count_ratio": 1.0,
  "parent_acc": 0.5331537085490561,
  "nonroot_parent_acc": 0.5512272796113922,
  "root_acc": 0.8732360588129819,
  "root_precision": 0.2076432317812884,
  "root_recall": 0.8732360588129819,
  "root_f1": 0.2885293130641645,
  "pred_root_ratio": 0.20099634799717525,
  "gt_root_ratio": 0.03342298950594236,
  "edge_precision": 0.7080020184906202,
  "edge_recall": 0.5920625063005825,
  "edge_f1": 0.6409877060130893,
  "bone_ratio_all": 1.0,
  "bone_ratio_tp": 1.0,
  "component_count": 9.243006993006993,
  "cycle_rate": 0.0,
  "average_degree": 1.5980073040056506,
  "max_degree": 3.5437062937062938,
  "spread": 1.0
}