{
  "mpjpe": 0.0,
  "count_ratio": 1.0,
  "parent_acc": 0.536704237748342,
  "nonroot_parent_acc": 0.5550957043633173,
  "root_acc": 0.9705374753451677,
  "root_precision": 0.24183702055346235,
  "root_recall": 0.9705374753451677,
  "root_f1": 0.3330782409271221,
  "pred_root_ratio": 0.1987747207055697,
  "gt_root_ratio": 0.03342298950594236,
  "edge_precision": 0.7065499085091815,
  "edge_recall": 0.5924003290471637,
  "edge_f1": 0.640520525776741,
  "bone_ratio_all": 1.0,
  "bone_ratio_tp": 0.9965034965034965,
  "component_count": 9.195804195804195,
  "cycle_rate": 0.0,
  "average_degree": 1.6024505585888618,
  "max_degree": 3.5611888111888113,
  "spread": 1.0
}